{
	 "rootnode": {
		 "name": "tailrotor.obj"
		,"transformation": [
			 1
			,0
			,0
			,0
			,0
			,1
			,0
			,0
			,0
			,0
			,1
			,0
			,0
			,0
			,0
			,1
		]
		,"children": [
			{
				 "name": "defaultobject"
				,"transformation": [
					 1
					,0
					,0
					,0
					,0
					,1
					,0
					,0
					,0
					,0
					,1
					,0
					,0
					,0
					,0
					,1
				]
				,"meshes": [
					 0
				]
			}
			,{
				 "name": "defaultobject"
				,"transformation": [
					 1
					,0
					,0
					,0
					,0
					,1
					,0
					,0
					,0
					,0
					,1
					,0
					,0
					,0
					,0
					,1
				]
				,"meshes": [
					 1
				]
			}
		]
	}
	,"flags": 8
	,"meshes": [
		{
			 "name": ""
			,"materialindex": 0
			,"primitivetypes": 4
			,"vertices": [
				 0.016843
				,-2.54365
				,-4.61596
				,0.016843
				,-3.47321
				,-3.96508
				,0.016843
				,-3.73211
				,-4.45528
				,0.016843
				,-2.91574
				,-5.02691
				,0.016844
				,2.95513
				,3.23711
				,0.016844
				,2.02557
				,3.88799
				,0.016843
				,-3.12013
				,-3.46084
				,0.016843
				,-2.19058
				,-4.11172
				,0.016844
				,3.64898
				,4.30754
				,0.016844
				,2.79414
				,4.9061
				,0.016844
				,2.37978
				,4.39384
				,0.016844
				,3.30933
				,3.74296
				,-0.075825
				,-2.54365
				,-4.61596
				,-0.075825
				,-2.91574
				,-5.02691
				,-0.075825
				,-3.73211
				,-4.45528
				,-0.075825
				,-3.47321
				,-3.96508
				,-0.075824
				,2.95513
				,3.23711
				,-0.075825
				,-2.19058
				,-4.11172
				,-0.075825
				,-3.12013
				,-3.46084
				,-0.075824
				,2.02557
				,3.88799
				,-0.075824
				,3.64898
				,4.30754
				,-0.075824
				,3.30933
				,3.74296
				,-0.075824
				,2.37978
				,4.39384
				,-0.075824
				,2.79414
				,4.9061
			]
			,"normals": [
				 1
				,-0
				,-0
				,1
				,-0
				,-0
				,1
				,-0
				,-0
				,1
				,0
				,0
				,1
				,0
				,0
				,1
				,0
				,0
				,1
				,0
				,0
				,1
				,0
				,0
				,1
				,0
				,0
				,1
				,0
				,0
				,1
				,0
				,0
				,1
				,0
				,0
				,-1
				,0
				,0
				,-1
				,0
				,0
				,-1
				,0
				,0
				,-1
				,0
				,0
				,-1
				,0
				,0
				,-1
				,0
				,0
				,-1
				,0
				,0
				,-1
				,0
				,0
				,-1
				,0
				,0
				,-1
				,0
				,0
				,-1
				,0
				,0
				,-1
				,0
				,0
			]
			,"tangents": [
				 "NaN"
				,"NaN"
				,"NaN"
				,"NaN"
				,"NaN"
				,"NaN"
				,"NaN"
				,"NaN"
				,"NaN"
				,"NaN"
				,"NaN"
				,"NaN"
				,"NaN"
				,"NaN"
				,"NaN"
				,"NaN"
				,"NaN"
				,"NaN"
				,"NaN"
				,"NaN"
				,"NaN"
				,"NaN"
				,"NaN"
				,"NaN"
				,"NaN"
				,"NaN"
				,"NaN"
				,"NaN"
				,"NaN"
				,"NaN"
				,"NaN"
				,"NaN"
				,"NaN"
				,"NaN"
				,"NaN"
				,"NaN"
				,"NaN"
				,"NaN"
				,"NaN"
				,"NaN"
				,"NaN"
				,"NaN"
				,"NaN"
				,"NaN"
				,"NaN"
				,"NaN"
				,"NaN"
				,"NaN"
				,"NaN"
				,"NaN"
				,"NaN"
				,"NaN"
				,"NaN"
				,"NaN"
				,"NaN"
				,"NaN"
				,"NaN"
				,"NaN"
				,"NaN"
				,"NaN"
				,"NaN"
				,"NaN"
				,"NaN"
				,"NaN"
				,"NaN"
				,"NaN"
				,"NaN"
				,"NaN"
				,"NaN"
				,"NaN"
				,"NaN"
				,"NaN"
			]
			,"bitangents": [
				 "NaN"
				,"NaN"
				,"NaN"
				,"NaN"
				,"NaN"
				,"NaN"
				,"NaN"
				,"NaN"
				,"NaN"
				,"NaN"
				,"NaN"
				,"NaN"
				,"NaN"
				,"NaN"
				,"NaN"
				,"NaN"
				,"NaN"
				,"NaN"
				,"NaN"
				,"NaN"
				,"NaN"
				,"NaN"
				,"NaN"
				,"NaN"
				,"NaN"
				,"NaN"
				,"NaN"
				,"NaN"
				,"NaN"
				,"NaN"
				,"NaN"
				,"NaN"
				,"NaN"
				,"NaN"
				,"NaN"
				,"NaN"
				,"NaN"
				,"NaN"
				,"NaN"
				,"NaN"
				,"NaN"
				,"NaN"
				,"NaN"
				,"NaN"
				,"NaN"
				,"NaN"
				,"NaN"
				,"NaN"
				,"NaN"
				,"NaN"
				,"NaN"
				,"NaN"
				,"NaN"
				,"NaN"
				,"NaN"
				,"NaN"
				,"NaN"
				,"NaN"
				,"NaN"
				,"NaN"
				,"NaN"
				,"NaN"
				,"NaN"
				,"NaN"
				,"NaN"
				,"NaN"
				,"NaN"
				,"NaN"
				,"NaN"
				,"NaN"
				,"NaN"
				,"NaN"
			]
			,"numuvcomponents": [
				 2
			]
			,"texturecoords": [
				[
					 1e-06
					,0.917137
					,1
					,0.917137
					,0.939122
					,0.961161
					,0.06088
					,0.961161
					,0
					,0.149846
					,0.999999
					,0.149846
					,1
					,0.86787
					,1e-06
					,0.86787
					,0.040189
					,0.047815
					,0.959809
					,0.047815
					,0.999999
					,0.100422
					,0
					,0.100422
					,1e-06
					,0.917137
					,0.06088
					,0.961161
					,0.939122
					,0.961161
					,1
					,0.917137
					,0
					,0.149846
					,1e-06
					,0.86787
					,1
					,0.86787
					,0.999999
					,0.149846
					,0.040189
					,0.047815
					,0
					,0.100422
					,0.999999
					,0.100422
					,0.959809
					,0.047815
				]
			]
			,"faces": [
				[
					 0
					,1
					,2
				]
				,[
					 2
					,3
					,0
				]
				,[
					 12
					,0
					,3
				]
				,[
					 14
					,2
					,1
				]
				,[
					 1
					,15
					,14
				]
				,[
					 12
					,13
					,14
				]
				,[
					 14
					,15
					,12
				]
				,[
					 3
					,13
					,12
				]
				,[
					 4
					,5
					,6
				]
				,[
					 6
					,7
					,4
				]
				,[
					 16
					,4
					,7
				]
				,[
					 18
					,6
					,5
				]
				,[
					 5
					,19
					,18
				]
				,[
					 16
					,17
					,18
				]
				,[
					 18
					,19
					,16
				]
				,[
					 7
					,17
					,16
				]
				,[
					 8
					,9
					,10
				]
				,[
					 10
					,11
					,8
				]
				,[
					 20
					,8
					,11
				]
				,[
					 22
					,10
					,9
				]
				,[
					 9
					,23
					,22
				]
				,[
					 20
					,21
					,22
				]
				,[
					 22
					,23
					,20
				]
				,[
					 11
					,21
					,20
				]
			]
		}
		,{
			 "name": ""
			,"materialindex": 0
			,"primitivetypes": 4
			,"vertices": [
				 0.016843
				,-2.91574
				,-5.02691
				,0.016843
				,-3.73211
				,-4.45528
				,0.016844
				,-3.84
				,-4.97214
				,0.016844
				,-3.36453
				,-5.30507
				,0.016843
				,-2.19058
				,-4.11172
				,0.016843
				,-3.12013
				,-3.46084
				,0.016843
				,-3.47321
				,-3.96509
				,0.016843
				,-2.54365
				,-4.61597
				,0.016844
				,3.30933
				,3.74296
				,0.016844
				,2.37978
				,4.39384
				,0.016844
				,2.02558
				,3.88799
				,0.016844
				,2.95513
				,3.23711
				,0.016844
				,3.83663
				,4.90545
				,0.016844
				,3.29181
				,5.28694
				,0.016844
				,2.79414
				,4.9061
				,0.016844
				,3.64898
				,4.30754
				,-0.075824
				,-2.91574
				,-5.02691
				,-0.075824
				,-3.36453
				,-5.30507
				,-0.075824
				,-3.84
				,-4.97214
				,-0.075824
				,-3.73211
				,-4.45528
				,-0.075824
				,-2.19058
				,-4.11172
				,-0.075824
				,-2.54365
				,-4.61597
				,-0.075824
				,-3.47321
				,-3.96509
				,-0.075824
				,-3.12013
				,-3.46084
				,-0.075824
				,3.30933
				,3.74296
				,-0.075824
				,2.95513
				,3.23711
				,-0.075824
				,2.02558
				,3.88799
				,-0.075824
				,2.37978
				,4.39384
				,-0.075824
				,3.83663
				,4.90545
				,-0.075824
				,3.64898
				,4.30754
				,-0.075824
				,2.79414
				,4.9061
				,-0.075824
				,3.29181
				,5.28694
			]
			,"normals": [
				 1
				,0
				,0
				,1
				,0
				,0
				,1
				,0
				,0
				,1
				,0
				,0
				,1
				,0
				,0
				,1
				,0
				,0
				,1
				,0
				,0
				,1
				,0
				,0
				,1
				,0
				,0
				,1
				,0
				,0
				,1
				,0
				,0
				,1
				,0
				,0
				,1
				,0
				,0
				,1
				,0
				,0
				,1
				,0
				,0
				,1
				,0
				,0
				,-1
				,0
				,0
				,-1
				,0
				,0
				,-1
				,0
				,0
				,-1
				,0
				,0
				,-1
				,0
				,0
				,-1
				,0
				,0
				,-1
				,0
				,0
				,-1
				,0
				,0
				,-1
				,0
				,0
				,-1
				,0
				,0
				,-1
				,0
				,0
				,-1
				,0
				,0
				,-1
				,0
				,0
				,-1
				,0
				,0
				,-1
				,0
				,0
				,-1
				,0
				,0
			]
			,